team,elo
Spain,2219.041020656079
Argentina,2188.3860600370176
France,2125.077024795984
England,2086.2870920635482
Brazil,2068.775360442682
Colombia,2063.7781858037984
Portugal,2042.456186812006
Ecuador,2027.1284103145035
Netherlands,2010.698822932572
Germany,2004.5924985399058
Japan,1993.3378640316205
Morocco,1984.885426619589
Mexico,1976.3092939661587
Uruguay,1974.8374493544843
Norway,1971.639049919062
Croatia,1969.5292937992083
Turkey,1969.2211163598906
Belgium,1956.6170295937052
Switzerland,1955.8518800912375
Italy,1928.69632339968
Denmark,1928.567936025928
Senegal,1919.340240489223
Paraguay,1918.4719568230448
Australia,1901.5449174764994
Iran,1896.8292936029668
Canada,1894.7933647429197
Austria,1890.000473112774
Nigeria,1885.355451627192
South Korea,1880.681741144349
Yugoslavia,1872.9998028477994
Algeria,1872.394009255235
Panama,1847.881110827115
Scotland,1844.0814318408777
Ukraine,1841.600899382153
Russia,1836.8850590044924
United States,1825.0782699556355
Uzbekistan,1820.222012144434
Ivory Coast,1814.782071215781
Egypt,1810.078182139701
Venezuela,1809.9451544457693
Jersey,1805.3277176291526
Czechoslovakia,1804.6963678722548
Greece,1803.0111309562212
Czech Republic,1801.660336795752
Serbia,1801.624408615273
Basque Country,1799.3226997536044
Chile,1794.530794059026
Jordan,1775.0711762873543
DR Congo,1772.2186939089593
Kosovo,1771.5784981755269
Poland,1771.1930009330022
Peru,1771.089949092694
Sweden,1770.5513394171794
Hungary,1764.2149363605502
Republic of Ireland,1760.6784529866848
Iraq,1750.3433662594339
Costa Rica,1747.5546611747834
Guernsey,1745.6435893687421
Wales,1742.9057558641098
Slovenia,1738.2661052017995
Tunisia,1737.5882924481384
German DR,1731.9743579783576
New Zealand,1731.1562814609622
Bolivia,1727.6096769702344
Slovakia,1724.9261910672662
Cameroon,1723.963499898683
Georgia,1710.5512640362347
Isle of Man,1709.1391481336432
Mali,1707.9654106396301
Israel,1700.7676122758476
Romania,1700.360714042312
Honduras,1699.632983248919
Haiti,1696.932649839605
Northern Cyprus,1689.439101339614
Occitania,1686.7960239115014
Padania,1686.2486302948719
Saudi Arabia,1685.9152186720185
Albania,1673.622467387478
United Arab Emirates,1665.2707801840718
Northern Ireland,1662.328006047191
South Africa,1662.170128014196
Isle of Wight,1660.2560455134733
Catalonia,1655.1960313957532
Cape Verde,1653.0473470927113
Jamaica,1651.703288559109
Bosnia and Herzegovina,1651.5602934756182
Burkina Faso,1650.5443333337341
North Macedonia,1649.329600256807
Iraqi Kurdistan,1645.288055923175
Guatemala,1640.757117129116
Ynys Môn,1639.705438709131
Iceland,1630.0210913717651
Abkhazia,1628.1674054706607
Ghana,1624.4472653623402
Kárpátalja,1606.7555430250989
Curaçao,1601.185370009583
Finland,1599.6118506093558
Syria,1598.8953786670147
Kernow,1595.6360985602885
Andalusia,1592.558604729543
Rhodes,1591.745512377994
County of Nice,1591.0145672718138
New Caledonia,1589.9912416382417
Palestine,1589.1712656504333
Tamil Eelam,1586.8341539694716
Belarus,1585.73935705644
Panjab,1585.6829075701303
Suriname,1582.9517046378544
Réunion,1581.271007049995
Angola,1580.5806164281248
Guinea,1577.6709320719417
Oman,1573.7272504410303
Ellan Vannin,1569.8116582770133
Kurdistan,1567.2529180041993
Menorca,1566.1242134966603
Qatar,1565.8975717411067
Artsakh,1557.3075275461654
Benin,1556.7091610539158
China,1555.9376290731998
Corsica,1555.827029318808
Chameria,1553.9099835039492
Yorkshire,1553.3015608464832
Zambia,1550.119638880058
Arameans Suryoye,1546.3357457019001
Quebec,1546.1628446573718
Cascadia,1545.3325082406325
Bahrain,1541.1052461400507
Gambia,1538.8452828861189
Bulgaria,1535.4096016942513
Trinidad and Tobago,1534.381359909931
Zanzibar,1534.0700579124964
Libya,1530.2345809022463
Thailand,1529.6302415142034
Maule Sur,1528.345836909456
Galicia,1527.7199522112533
Gabon,1521.2091028847717
Asturias,1520.5297736017358
Western Armenia,1518.6080543671042
Montenegro,1517.658059177833
Surrey,1516.213014744184
Canary Islands,1515.1311331086215
Biafra,1514.7073980148868
Parishes of Jersey,1513.8863086256642
Uganda,1512.7357481711413
Donetsk PR,1511.8360461524287
Guadeloupe,1510.7648027946752
Kazakhstan,1510.076371325324
Madagascar,1509.9354101130118
Mapuche,1508.4707999873015
Felvidék,1507.4805125552002
Elba Island,1506.7554379049375
Silesia,1506.620574177305
Tahiti,1505.7232904110426
Crimea,1504.8372753768674
Brittany,1504.2632149425679
Shetland,1503.2019806142634
Mozambique,1501.4727009898913
United Koreans in Japan,1501.1367913903566
Délvidék,1500.2243755101647
Niger,1498.778118302862
Indonesia,1496.3497900084644
Central Spain,1495.317158400716
Saugeais,1494.7401554350713
Székely Land,1494.7129088434885
North Korea,1493.4188833560547
El Salvador,1492.384096855184
Cilento,1490.6493105994125
Madrid,1489.4835926746052
Nicaragua,1489.3771093166795
Luhansk PR,1489.1604593493744
North Vietnam,1487.3215152458238
Sápmi,1487.2278404705298
Seborga,1486.4328622240007
Sealand,1483.9335436351703
Sierra Leone,1483.6537564908765
Yoruba Nation,1483.5040705678136
Matabeleland,1482.0722772696208
Malaysia,1481.6965474425363
Republic of St. Pauli,1480.8217809004868
Guyana,1480.1641178369057
Togo,1478.5426188849754
Franconia,1478.1577490051275
Somaliland,1477.687872086165
Comoros,1476.5003914891483
South Ossetia,1475.6088842927038
Zimbabwe,1475.331387446161
Sudan,1475.013249350782
Kuwait,1474.888828601086
Ryūkyū,1474.4367140234024
West Papua,1474.3182133783587
Åland Islands,1473.3851915347573
Martinique,1473.1525012106129
Kenya,1470.7318671987011
Gozo,1469.30432209701
South Yemen,1468.9145036773532
Vietnam,1468.5815051890497
Greenland,1465.2319181835048
Romani people,1463.7766513283607
Aymara,1463.1833631032425
Hmong,1461.0541141150568
Provence,1460.1678587678973
Dominican Republic,1459.8863229202452
Luxembourg,1459.6596287049229
Kabylia,1455.7938760839338
East Turkestan,1455.1552067367775
Mayotte,1455.0255725894935
Equatorial Guinea,1453.3827119715963
Monaco,1452.055512259315
Kyrgyzstan,1451.656960441318
Chechnya,1451.280216696992
Rwanda,1447.1923618484545
Saarland,1446.7573878486226
Tajikistan,1444.70531219444
Mauritania,1444.4128383956463
Gotland,1443.7564912385358
French Guiana,1443.387897495115
Papua New Guinea,1442.7766744813061
Lebanon,1441.5951372299683
Western Isles,1436.0514791111225
Malawi,1435.8377434881404
Armenia,1434.2598262630386
Manchukuo,1430.3771838057562
Găgăuzia,1429.5475189951599
Vanuatu,1429.3907112767206
Faroe Islands,1426.1116409184385
Niue,1425.8064257370906
Liberia,1423.666967231699
Namibia,1423.2418677959065
Palau,1420.75231965239
Vatican City,1419.0372882047222
Lesotho,1418.1004329035554
Marshall Islands,1417.4753354219192
Tanzania,1417.1289479278016
Estonia,1415.9449448504379
Saint Barthélemy,1412.64377554547
Ticino,1409.6886905648073
Fiji,1408.4446402430196
Raetia,1408.0514042014859
Cuba,1405.9748077963625
Two Sicilies,1404.900346432509
Western Sahara,1400.1911939464906
Orkney,1397.2813480121008
Western Australia,1395.5084506550704
Ethiopia,1393.4084048783152
Ambazonia,1392.201078305557
Azerbaijan,1390.0115866319948
Turkmenistan,1387.0958061995555
Burundi,1386.868197334435
Botswana,1386.7484934457616
Cyprus,1371.0044624140528
Central African Republic,1369.3773014478672
Guinea-Bissau,1360.9413487365005
Chagos Islands,1359.4848297385988
Barawa,1358.3982197308608
Yemen DPR,1355.1697294904668
Malta,1350.198842033199
Saint Helena,1348.6114307545022
Solomon Islands,1348.4610886573132
Latvia,1347.405931322525
Vietnam Republic,1347.3545575611051
Puerto Rico,1344.8064649715932
Hitra,1343.4952992636797
Lithuania,1342.2392205672907
Saint Vincent and the Grenadines,1341.8325938893363
Saare County,1340.8144498991676
Bermuda,1337.5893337875102
Hong Kong,1332.8523628030616
Philippines,1330.9998266819066
Congo,1329.4981105994284
Sark,1327.7225389230002
Micronesia,1320.5072196968254
Moldova,1317.8528010372484
Eswatini,1315.9541842589188
Yemen,1306.9021683170436
Singapore,1293.9039367086439
Wallis Islands and Futuna,1291.5113384350914
Sint Maarten,1287.7244733472053
Saint Pierre and Miquelon,1287.1609716363653
Saint Martin,1286.1126525994075
Grenada,1280.1215389380468
Belize,1279.1121032160252
Darfur,1274.7838855046093
South Sudan,1270.1967640138412
Tibet,1267.1187411475487
Saint Kitts and Nevis,1261.1227047465245
Chad,1245.9028537447045
Montserrat,1235.3892257085133
India,1229.736568535105
Kiribati,1224.728956477885
Saint Lucia,1222.798573927434
Samoa,1216.0817864610087
Falkland Islands,1214.3596655162228
Aruba,1213.851325751816
Mauritius,1207.5995136355382
Tuvalu,1207.0967326420316
Afghanistan,1197.961036472944
Eritrea,1196.5354868850475
Frøya,1194.2724787262075
São Tomé and Príncipe,1181.160559029751
Dominica,1172.3542270274172
Myanmar,1144.9046595138095
Andorra,1143.3358635590723
Gibraltar,1137.7310713293937
Bangladesh,1132.1987884719815
Cook Islands,1130.6779836987237
Bonaire,1129.2879790691945
Antigua and Barbuda,1127.8481779018098
Barbados,1126.9933786663632
Nepal,1103.276112453861
Pakistan,1094.2800144220444
Alderney,1076.957169928705
Djibouti,1074.660494324931
Somalia,1060.2465780439395
Taiwan,1058.818534134946
Tonga,1056.2897548197773
Cambodia,1054.6054550877554
Cayman Islands,1040.682985771533
British Virgin Islands,1028.5164207533346
Sri Lanka,1012.3156528512524
Seychelles,1010.6100148856003
Turks and Caicos Islands,1005.9594385019433
Maldives,997.4641334706769
United States Virgin Islands,988.8802581765035
Mongolia,981.3776327579918
Liechtenstein,975.2251021658288
Guam,974.9552135067247
Northern Mariana Islands,967.9861545529097
Bahamas,956.9981265629298
Laos,938.59246591472
American Samoa,923.5612794533663
San Marino,909.9890485674553
Timor-Leste,905.341861461795
Anguilla,901.5052268957318
Brunei,891.1112075430046
Bhutan,860.2353985037007
Macau,840.1921887960995
